$0, $thru, $rt, $uCGIApplication, $uDBDisk, $uDBP, $uDBS, $uProtocolStack, $uWSDisk, $uWSP, $uWebServer
1, 0.000497747, 9.05235, <<uninitialized>>, 0.00163385, 0.00244269, 0.00244269, 0.00401085, 0.00109845, 0.00133488, 0.00113002
5, 0.00248821, 9.47501, <<uninitialized>>, 0.00816728, 0.0122105, 0.0122105, 0.0201078, 0.00549076, 0.00667262, 0.00564863
10, 0.00497507, 10.0254, <<uninitialized>>, 0.0163289, 0.0244124, 0.0244123, 0.0403467, 0.0109766, 0.0133394, 0.011292
50, 0.0248079, 15.5521, <<uninitialized>>, 0.0813488, 0.121614, 0.121603, 0.206136, 0.0545357, 0.0662903, 0.0560458
75, 0.0371243, 20.3917, <<uninitialized>>, 0.121583, 0.181753, 0.181717, 0.313024, 0.0812304, 0.0987687, 0.0833638
100, 0.0493453, 26.844, <<uninitialized>>, 0.161317, 0.24113, 0.24105, 0.422025, 0.107279, 0.130496, 0.109891
125, 0.0614171, 35.8696, <<uninitialized>>, 0.200293, 0.299357, 0.299214, 0.532643, 0.132435, 0.161186, 0.135356
150, 0.073246, 49.0708, <<uninitialized>>, 0.238094, 0.355815, 0.355594, 0.643989, 0.156378, 0.190461, 0.159435
175, 0.0846548, 69.6407, <<uninitialized>>, 0.273946, 0.409362, 0.409077, 0.754164, 0.178628, 0.217751, 0.181688
200, 0.0952792, 104.049, <<uninitialized>>, 0.306411, 0.457886, 0.4576, 0.859044, 0.198399, 0.242114, 0.201425
300, 0.116064, 607.543, <<uninitialized>>, 0.364761, 0.545549, 0.545996, 1.06709, 0.233603, 0.285993, 0.237121
400, 0.118286, 1413.69, <<uninitialized>>, 0.370815, 0.554645, 0.555189, 1.08981, 0.237171, 0.290466, 0.240725
450, 0.118645, 1829.05, <<uninitialized>>, 0.371821, 0.556152, 0.556701, 1.09354, 0.237752, 0.291193, 0.241304
500, 0.118873, 2246.49, <<uninitialized>>, 0.372465, 0.557116, 0.557667, 1.09592, 0.238123, 0.291656, 0.241671
550, 0.119033, 2664.97, <<uninitialized>>, 0.372919, 0.557795, 0.558346, 1.09759, 0.238383, 0.291981, 0.241928
